{"_timestamp":1.7316969259298985e+09,"_runtime":58611.954018021,"Train Loss":2.2926487922668457,"_wandb":{"runtime":58611},"_step":6999,"Accuracy/test":11.31,"Best Accuracy":97.21,"Compression":0.2}