{"_timestamp":1.731633216789581e+09,"_runtime":179.08171677,"_step":2,"Accuracy/test":91.33,"Best Accuracy":91.33,"Compression":100,"Train Loss":0.44452670216560364,"_wandb":{"runtime":224}}