{"Compression":3.2,"_timestamp":1.7316960837774525e+09,"_runtime":60789.441972017,"_step":6999,"Train Loss":0.006701757200062275,"_wandb":{"runtime":60789},"Accuracy/test":96.18,"Best Accuracy":97.37}